,Kind of correlation,mean_scores,scores_std
0,correlation,0.525,0.1984313483298443
1,partial correlation,0.5916666666666667,0.20395397084200695
2,tangent,0.625,0.23318447632722036
