,Kind of correlation,mean_scores,scores_std
0,correlation,0.5416666666666666,0.0333490475076764
1,partial correlation,0.5344650205761318,0.06107984055355575
2,tangent,0.5010288065843621,0.041625366922106825
