,Kind of correlation,mean_scores,scores_std
0,correlation,0.5246913580246914,0.04734746295886359
1,partial correlation,0.507201646090535,0.04421475091963848
2,tangent,0.5401234567901235,0.043539308579215695
