,Kind of correlation,mean_scores,scores_std
0,correlation,0.5560699588477366,0.025132167696103106
1,partial correlation,0.5046296296296297,0.036442850316992834
2,tangent,0.5406378600823044,0.028450734174948214
