,Kind of correlation,mean_scores,scores_std
0,correlation,0.5601851851851852,0.02583820649151103
1,partial correlation,0.5540123456790124,0.03344412695223812
2,tangent,0.5761316872427984,0.03190959345528975
