,Kind of correlation,mean_scores,scores_std
0,correlation,0.5715020576131687,0.040592254453415924
1,partial correlation,0.5293209876543209,0.030774045290423907
2,tangent,0.5570987654320987,0.02738925825509081
