,Kind of correlation,mean_scores,scores_std
0,correlation,0.6,0.23804761428476168
1,partial correlation,0.5666666666666668,0.21343747458109497
2,tangent,0.5083333333333333,0.23078970706877047
