,Kind of correlation,mean_scores,scores_std
0,correlation,0.5083333333333334,0.16308654825650773
1,partial correlation,0.5499999999999999,0.20207259421636903
2,tangent,0.5666666666666668,0.21343747458109497
